,Score,Dataset,Subject,Pipeline,Time
0,0.8982445987654322,BNCI 2014-001 Motor Imagery,1.0,CSP+LDA,0.1882011890411377
1,0.5164930555555556,BNCI 2014-001 Motor Imagery,2.0,CSP+LDA,0.1853945255279541
2,0.9837962962962964,BNCI 2014-001 Motor Imagery,3.0,CSP+LDA,0.19255924224853516
3,0.7895447530864199,BNCI 2014-001 Motor Imagery,4.0,CSP+LDA,0.1872730255126953
4,0.5792824074074074,BNCI 2014-001 Motor Imagery,5.0,CSP+LDA,0.1876213550567627
5,0.6911651234567902,BNCI 2014-001 Motor Imagery,6.0,CSP+LDA,0.19523143768310547
6,0.7946566358024691,BNCI 2014-001 Motor Imagery,7.0,CSP+LDA,0.2132117748260498
7,0.9771412037037036,BNCI 2014-001 Motor Imagery,8.0,CSP+LDA,0.1862795352935791
8,0.8179012345679013,BNCI 2014-001 Motor Imagery,9.0,CSP+LDA,0.19313430786132812
